r,c,bx,by,bz,b_total,timestamp
0,0,10.0,20.0,5.0,22.9128784747792,2026-10-05T13:46:10.762722
0,1,10.0,17.0,5.0,20.346989949375804,2026-10-05T13:46:10.763395
0,2,10.0,14.0,5.0,17.916472867168917,2026-10-05T13:46:10.763725
1,0,15.0,20.0,5.0,25.495097567963924,2026-10-05T13:46:10.763766
1,1,15.0,17.0,5.0,23.2163735324878,2026-10-05T13:46:10.763771
1,2,15.0,14.0,5.0,21.118712081942874,2026-10-05T13:46:10.763775
2,0,20.0,20.0,5.0,28.722813232690143,2026-10-05T13:46:10.763781
2,1,20.0,17.0,5.0,26.720778431774775,2026-10-05T13:46:10.763783
2,2,20.0,14.0,5.0,24.919871588754223,2026-10-05T13:46:10.763786
